First Name,Last Name,Title,Company Name,Company Name for Emails,Email,Email Status,Primary Email Source,Primary Email Verification Source,Email Confidence,Primary Email Catch-all Status,Primary Email Last Verified At,Seniority,Departments,Sub Departments,Contact Owner,Work Direct Phone,Home Phone,Mobile Phone,Corporate Phone,Other Phone,Do Not Call,Stage,Lists,Last Contacted,Account Owner,# Employees,Industry,Keywords,Person Linkedin Url,Website,Company Linkedin Url,Facebook Url,Twitter Url,Address,City,State,Country,Company Address,Company City,Company State,Company Country,Company Phone,Technologies,Annual Revenue,Total Funding,Latest Funding,Latest Funding Amount,Last Raised At,Parent company (Apollo data),Parent company (Apollo data - Organization ID),Email Sent,Email Open,Email Bounced,Replied,Demoed,Number of Retail Locations,SIC Codes,NAICS Codes,Apollo Contact Id,Apollo Account Id,Apollo Record Id,Secondary Email,Secondary Email Source,Secondary Email Status,Secondary Email Verification Source,Tertiary Email,Tertiary Email Source,Tertiary Email Status,Tertiary Email Verification Source,Qualify Contact
Todd,Weider,Founder & CEO,LIME Yacht Brokerage - Superyacht Brokers,LIME Yacht,tweider@limeyachts.com,Verified,Apollo,Apollo,"",Catch-all,2026-08-30T18:30:51+00:00,Founder,C-Suite,"Executive, Founder",shehajj17@gmail.com,"","","",'+1 954-507-2030,"",false,Cold,"","",shehajj17@gmail.com,1,"leisure, travel & tourism","yacht brokerage, yacht vacations, yacht management, yacht construction, yacht marketing, yacht consultants, yacht data, yacht intelligence, superyacht brokers, new build yacht management, superyacht charter, yacht brokers, yacht broker, mediterranean yacht charter, caribbean yacht charter, bahamas yacht charter, superyacht charter brokers, travel arrangements, leisure, travel & tourism",http://www.linkedin.com/in/yacht-broker-fort-lauderdale,https://limeyachts.com,http://www.linkedin.com/company/limeyachts,https://facebook.com/people/LIME-Yacht-Brokerage/100068357320889/,"","Fort Lauderdale, Florida, United States",Fort Lauderdale,Florida,United States,"","","","",'+1 954-507-2030,"Google Search Console, Google Workspace, CloudFlare CDN, Cloudflare DNS, Amazon SES, Amazon Simple Email Service, Gmail, Google Meet, CloudFlare, Magnific Popup, jQuery Migrate, Woo Commerce, Priority Hints, Google Font API, jQuery, Unpkg, Mobile Friendly, Slick, Font Awesome, Google Analytics, Site Kit, jsDelivr, Cloudflare Bot Management, Google Tag Manager, jQuery Mobile, Easy Pie Chart, Cloudflare Browser Insights, Divi, Wordpress, cdnjs, Open Graph, FitVids.JS, Max Mega Menu, Element UI, Underscore.js, reCAPTCHA, HTTP/3, Viewport Meta, Select2, Yoast, Yoast SEO, PrimeNG, WordPress.org, Cloudflare Insights, HSTS, Cloudflare Rocket Loader, Bootstrapcdn, Amazon AWS, PHP, MySQL","","","","","","","","",false,false,false,false,"","","",6a96c2d472e97e001c71e3be,6a96c2d472e97e001c71e3c0,6a96c2d472e97e001c71e3be,"","","","","","","","",""
Dhardra,Blake,Founder & CEO,LuxuryDayCharters.com,LuxuryDayCharters.com,dhardra@luxurydaycharters.com,Verified,Apollo,Apollo,"",Catch-all,2026-08-23T04:59:01+00:00,Founder,C-Suite,"Executive, Founder",shehajj17@gmail.com,"","","",'+1 786-202-2628,"",false,Cold,"","",shehajj17@gmail.com,1,"leisure, travel & tourism","last minute yacht charters, yacht charters by the half day, short term charters, cuba yacht charters, high-end yacht rental, luxury watercraft, bahamas yacht charters, scenic and sightseeing transportation, water, personalized yacht experiences, yachting industry, b2c, demanding client service in yachting, water-based events, private yacht vacations, luxury yacht experience customization, luxury yacht fleet, transportation & logistics, yacht booking platform, yacht vacation planning, last-minute yacht bookings, yacht charter services, services, private yacht rentals, luxury yacht crew management, yacht owner for a day, custom yacht charter, yacht charter from the hamptons to south florida, yacht rental consultation, special occasion yacht charter, luxury yacht charters, luxury yachts, corporate yacht events, royal family yacht charters, day yacht rentals, yacht crew services, high net worth individual yacht services, exclusive yacht access, boat charters, event planning & services, hotels & travel, party & event planning, vacation rentals",http://www.linkedin.com/in/dhardra,https://luxurydaycharters.com,http://www.linkedin.com/company/luxurydaycharters.com,https://www.facebook.com/LuxuryDayCharters,https://twitter.com/luxdaycharters,"Palm Beach, Florida, United States",Palm Beach,Florida,United States,"Palm Beach, Florida, United States, 33480",Palm Beach,Florida,United States,'+1 786-202-2628,"Google Search Console, Squarespace, Google Workspace, GoDaddy Domains, Gmail, Google Meet, Microsoft 365, GoDaddy Hosting, Squarespace ECommerce, Magento 2, HSTS, Viewport Meta, Magento Open Source, Adobe Fonts, Mobile Friendly, Squarespace Commerce, Cart Functionality, Open Graph, Priority Hints, parallax.js",1788000,"","","","","","","",false,false,false,false,1,7999,48721,6a96c2fbf913f9001cad54d9,6a96c2fbf913f9001cad54db,6a96c2fbf913f9001cad54d9,dhardra@hotmail.com,Apollo,Verified,Apollo,"","","","",""
Vinicius,Frata,Founder & Branding,Innova Yacht,Innova Yacht,vinicius.frata@innovayacht.com,Verified,Apollo,Apollo,"",Catch-all,2026-08-19T20:12:51+00:00,Founder,C-Suite,Founder,shehajj17@gmail.com,"","","",'+1 305-400-0974,"",false,Cold,"","",shehajj17@gmail.com,1,maritime,"maritime transportation, flybridge yachts, luxury yachts, yacht fleet, yacht refit, boutique yacht experience, luxury yacht charter, seakeeper gyro, sophisticated yacht amenities, yacht amenities, luxury yacht design, luxury yacht interior design, yacht performance, gaggenau appliances, luxury yacht interiors, advanced stabilization, yacht performance systems, yacht charter, italian craftsmanship, medium and large yachts, yacht navigation systems, yacht refit 2022, yacht lifestyle miami, vip yacht service, hospitality, transportation & logistics, miami nautical industry, yacht performance technology, bespoke yachting, scenic and sightseeing transportation, water, italian yacht design, services, b2c, yacht lifestyle, miami yacht rentals, yacht rental miami, yacht crew service, curated yacht experiences, private boat rental, seamless yacht booking, megayacht hospitality, bespoke yacht journeys, miele appliances, luxury hospitality, luxury yacht management, water toys, luxury travel miami, italian yacht naval architecture, personalized yacht experiences, leisure, travel & tourism",http://www.linkedin.com/in/viniciusfrata,https://innovayacht.com,http://www.linkedin.com/company/innovayacht,"","","Miami, Florida, United States",Miami,Florida,United States,"700 NE 26th Ter, Miami, Florida, United States, 33137-5570",Miami,Florida,United States,'+1 305-400-0974,"GoDaddy Hosting, Hostinger, GoDaddy Domains, Amazon AWS, Open Graph, Facebook Pixel, WordPress.org, WhatsApp, Site Kit, Facebook Pixel, Google Analytics, Mobile Friendly, HTTP/3, Litespeed Cache, Google Tag Manager, Viewport Meta, RSS, Bing Webmaster Tools, PrimeNG, Facebook, HREF Lang, Facebook Pixel, Bing, Hostinger CDN, Wordpress, Microsoft Office, jQuery, Priority Hints, PHP, Facebook Pixel, Yoast, Facebook Pixel, Elementor, Facebook Pixel, dc.js, Swiper, Google Font API, LiteSpeed, MySQL","","","","","","","","",false,false,false,false,"",3731,48721,6a96c974e745d60020cbf825,6a96c974e745d60020cbf82b,6a96c974e745d60020cbf825,viniciusfrata@hotmail.com,Apollo,Verified,Apollo,"","","","",""
Kristin,Kerr,"Co Owner, Yacht Charter Broker",Chartered Paradise Yacht Vacations,Chartered Paradise Yacht Vacations,kris@charteredparadise.com,Verified,Apollo,Apollo,"",Not Catch-all,2026-08-28T09:13:26+00:00,Owner,"","",shehajj17@gmail.com,"","","",'+1 817-253-0511,"",false,Cold,"","",shehajj17@gmail.com,2,"leisure, travel & tourism","cruises, boat rental, yacht vacations, all inclusive vacations, travel arrangements, b2c, hospitality, sailing yachts, private islands, leisure, travel & tourism, group yacht vacations, yacht charter destinations, services, scuba diving, eco-friendly yacht charters, crewed yacht vacations, luxury yacht charters, performance sailing yachts, yacht charter in croatia, yacht crew, gourmet cuisine, yacht charters, crewed yacht, luxury floating resorts, bareboat charters, water sports, destination yacht charters, green yacht vacations, marinas, catamaran charters, private yacht rental, luxury power yachts, corporate yacht events, luxury sailing vacations, luxury goods & jewelry, all-inclusive yacht vacation, yacht charter sample itineraries, performance monohull yachts, luxury yacht crew services, custom yacht itineraries, caribbean yacht charters, yacht charter videos, wedding yacht charters, yacht charter consultation",http://www.linkedin.com/in/kristinkerrcp,https://charterparadise.com,http://www.linkedin.com/company/chartered-paradise,https://www.facebook.com/charteredparadise,https://twitter.com/charteredp,"Fort Lauderdale, Florida, United States",Fort Lauderdale,Florida,United States,"5950 NE 6th Ave, Fort Lauderdale, Florida, United States, 33334-1924",Fort Lauderdale,Florida,United States,'+1 817-253-0511,"IONOS, reCAPTCHA, SiteOrigin Page Builder, Google Font API, Open Graph, Element UI, Wordpress, Mobile Friendly, RSS, Responsive Lightbox & Gallery, Lightbox, WOW, Apache HTTP Server, YouTube, Google Hosted Libraries, Apache, Contact Form 7, Kadence WP Virtue, Viewport Meta, jQuery, FlexSlider, MetaSlider, imagesLoaded, WordPress.org, Infinite Scroll, jQuery Migrate, SiteOrigin Widgets Bundle, Yoast, PHP, MySQL",255000,"","","","","","","",false,false,false,false,"",7999,71393,6a96c3826650f4000c2e0059,6a96c3826650f4000c2e005b,6a96c3826650f4000c2e0059,"","","","","","","","",""
Vesa,Kaukonen,Founder & CEO,Large Yacht Co,Large Yacht Co,vk@largeyacht.co,Verified,Apollo,Apollo,"",Not Catch-all,2026-08-15T13:59:07+00:00,Founder,C-Suite,"Executive, Founder",shehajj17@gmail.com,"","","",'+33 6 43 91 54 14,"",false,Cold,"","",shehajj17@gmail.com,8,"leisure, travel & tourism","yacht sales, yacht purchase, yacht charter, yacht charter management, yacht new build, yacht management, yacht compliance, yacht crew recruitment management, travel arrangements, leisure, travel & tourism",http://www.linkedin.com/in/vesa-kaukonen-21a340b,https://largeyacht.co,http://www.linkedin.com/company/largeyachtcorp,"","",Monaco,"","",Monaco,"25 Boulevard Albert 1er, Monaco, Monaco, 98000",Monaco,"",Monaco,'+33 6 43 91 54 14,"GoDaddy Domains, Microsoft Email Providers, Microsoft Exchange Online, Outlook, Microsoft 365, Microsoft 365 Apps & Services, Microsoft Exchange, GoDaddy Hosting, Viewport Meta, WordPress.org, jQuery, Google Analytics 4, Elementor, Cloudflare Bot Management, Google Analytics, PrimeNG, Google Search Console, Wordpress, CloudFlare CDN, Google Tag Manager, Mobile Friendly, TrackerRMS, Google Search Console, Cloudflare WAF, CloudFlare, PHP, MySQL","","","","","","","","",false,false,false,false,"","","441222, 488390, 561520",6a96c30dc838d3000c48416f,6a96c30dc838d3000c484171,6a96c30dc838d3000c48416f,"","","","","","","","",""
Tony,Vamvakidi,Founder & CEO,North Star Yachting Monaco,North Star Yachting Monaco,chairman@northstaryachting.com,Verified,Apollo,Apollo,"",Catch-all,2026-07-23T03:17:28+00:00,Founder,C-Suite,"Executive, Founder",shehajj17@gmail.com,"","","",'+377 97 97 15 00,"",false,Cold,"","",shehajj17@gmail.com,5,"leisure, travel & tourism","yacht charter yacht sales, travel arrangements, leisure, travel & tourism",http://www.linkedin.com/in/tony-vamvakidi-a399071,https://nsy.mc,http://www.linkedin.com/company/nsymc,https://facebook.com/NorthStarYachting,https://twitter.com/NorthStarMonaco,"Fontvieille, Monaco",Monaco,"",Monaco,"57 Rue Grimaldi, Monaco, Oklahoma, Monaco, 98000",Monaco,Oklahoma,Monaco,'+377 97 97 15 00,"Google Cloud Hosting, SiteGround, SiteGround DNS, MailChimp, MailChimp, MailChimp, Mobile Friendly, Google Analytics 4, YOOtheme, Google Analytics, jQuery, Uikit, Onsen UI, WhatsApp Business Platform, Element UI, reCAPTCHA, Viewport Meta, Nginx, WhatsApp, HSTS",3004000,"","","","","","","",false,false,false,false,"",7900,"",6a96c34aed79f000182c0221,6a96c34aed79f000182c0223,6a96c34aed79f000182c0221,"","","","","","","","",""
Rommel,Tuscano,Founder and Managing Director,Sand Air Water Adventures LLC,Sand Air Water Adventures,rommel@sandairwater.com,Verified,Apollo,Apollo,"",Catch-all,2026-08-30T03:38:57+00:00,Founder,C-Suite,Founder,shehajj17@gmail.com,"","","",'+971 50 277 0283,"",false,Cold,"","",shehajj17@gmail.com,1,"leisure, travel & tourism","travel arrangements, water transportation, b2c, leisure, travel & tourism, luxury services, services, luxury car rental, luxury yacht charter, yacht charter, special event arrangements, jet skiing, hot air balloon rides, deep sea fishing, water sports, air transportation, parasailing, dinner cruise, exclusive desert safaris, helicopter tours, event planning & management, luxury experiences, desert safari, all other amusement and recreation industries, flyboarding, water sports activities, group yacht tours, adventure water sports, aerial sightseeing, premium yacht options, event management, transportation & logistics, construction & real estate, events services",http://www.linkedin.com/in/rommel-tuscano-b3000687,https://sandairwater.com,http://www.linkedin.com/company/sand-air-and-water-recreational-services,https://www.facebook.com/sandairwater/,"","Dubai, Dubai, United Arab Emirates",Dubai,Dubai,United Arab Emirates,"Dubai, Dubai, United Arab Emirates",Dubai,Dubai,United Arab Emirates,'+971 50 277 0283,"Outlook, Microsoft 365, Google Cloud Hosting, Mobile Friendly, Varnish, Wix, Microsoft 365, React","","","","","","","","",false,false,false,false,"",7999,71399,6a96c323934fc50014474982,6a96c323934fc50014474984,6a96c323934fc50014474982,mhel787@yahoo.com,Apollo,Verified,Apollo,"","","","",""
Maxime,Van Gelderen,Owner & Founder,CTD | Connecting The Dots,CTD,maxime@ctd.ae,Verifying,Apollo,Apollo,"",Catch-all,"",Owner,C-Suite,Founder,shehajj17@gmail.com,"","","",'+971 52 207 4384,"",false,Cold,"","",shehajj17@gmail.com,6,hospitality,"account manager, pr, marketing, hospitality, project manager, travel, family office services, bespoke experiences, 24/7 concierge, exclusive access, luxury hospitality partnerships, luxury vip access, convention and trade show organizers, personalized concierge services, destination weddings, bespoke travel experiences, bespoke travel design, luxury hotel reservations, luxury travel design, luxury wedding planning, exclusive event planning, yacht charter, luxury goods sourcing, custom itineraries, event planning and management, luxury travel arrangements, luxury cultural experiences, luxury event planning, consulting, luxury hotel booking, insider access, luxury event management, luxury travel and hospitality, luxury travel, yacht and private jet charter services, private jet charter, event planning, high-net-worth clients, luxury lifestyle services, luxury shopping concierge, luxury yacht charter, luxury private jet charter, private jet and yacht charters, services, luxury lifestyle management, luxury destination management, b2c, leisure, travel & tourism, events services",http://www.linkedin.com/in/maxime-van-gelderen-38006978,https://ctd.ae,http://www.linkedin.com/company/ctdservices,"","","Dubai, United Arab Emirates",Dubai,Dubai,United Arab Emirates,"سيتي ووك, Dubai, Dubai, United Arab Emirates",Dubai,Dubai,United Arab Emirates,'+971 52 207 4384,"Zoho Books, Google Workspace, CloudFlare CDN, Cloudflare DNS, Gmail, Microsoft Email Providers, Microsoft Exchange Online, Outlook, Microsoft Exchange, Google Meet, Microsoft 365, Microsoft 365 Apps & Services, Hubspot, CloudFlare, Priority Hints, Unsplash, Webflow Hosting, Vimeo, Webflow, Cloudflare Bot Management, Google Analytics 4, Google Analytics, Google Tag Manager, Mobile Friendly, HubSpot Marketing Hub, Cloudflare Insights, Next.js, Viewport Meta, Cloudflare Browser Insights, Open Graph, HTTP/3, Cloudflare Rocket Loader, React, webpack","","","","","","","","",false,false,false,false,"",7999,"561510, 561520, 561920",6a96c974e745d60020cbf824,6a96c974e745d60020cbf82a,6a96c974e745d60020cbf824,"","","","","","","","",""
Chris,Morton,Founder & CEO,The Coastal Concierge,The Coastal Concierge,chris@thecoastalconcierge.com,Verified,Apollo,Apollo,"",Catch-all,2026-08-09T16:05:24+00:00,Founder,C-Suite,"Executive, Founder",shehajj17@gmail.com,"","","",'+1 941-786-0952,"",false,Cold,"","",shehajj17@gmail.com,18,hospitality,"hospitality technology, guest experience, affiliate marketing, travel tourism, hotel technology, vacation rentals, tours activities, guest apps, concierge services, instay engagement, luxury concierge, automated guest inquiries, luxury property branding, custom itineraries, hospitality, vendor partnerships, personalized experiences, yacht charter, local recommendations, luxury vacation planning, hospitality automation, luxury hospitality platform, travel agencies, bespoke services, luxury travel customization, digital concierge, b2c, private chef, tourism, operational efficiency, discreet concierge, guest support, revenue generation, services, guest satisfaction, hotel management, luxury travel services, private jet charter, white-glove service, guest communication tools, guest engagement, luxury experience curation, local expertise, property management, exclusive access, real-time communication, b2b, luxury property management, guest app, luxury services, property support, curated experiences, marketing & advertising, leisure, travel & tourism, enterprise software, enterprises, computer software, information technology & services",http://www.linkedin.com/in/chrismorton-coastalconcierge,https://thecoastalconcierge.com,http://www.linkedin.com/company/the-coastal-concierge,"","","Sarasota, Florida, United States",Sarasota,Florida,United States,"Sarasota, Florida, United States",Sarasota,Florida,United States,'+1 941-786-0952,"Google Search Console, Google Search Console, Azure Static Web Apps, Google Workspace, Azure DNS, Gmail, Google Meet, Microsoft Azure Hosting, Asana, Astro, Viewport Meta, Google Font API, HSTS, Mobile Friendly, Open Graph","","","","","","","","",false,false,false,false,"",7011,56151,6a96c974e745d60020cbf826,6a96c974e745d60020cbf82c,6a96c974e745d60020cbf826,"","","","","","","","",""
